Datetime,Pairing,Home,Draw,Away,League,Ratings Diff,Home Goals Est,Away Goals Est,OU Est,1X2 Est,Goal Diff Est,BTTS Est,EVEN/ODD Est,Total Goals Est,Goal Diff
2024-03-26 00:00:00,Orense SC - Emelec,3.2,3.0,2.1,EC1,-112.06,0.8,1.45,O,2,2X,GG,ODD,2.3,-0.65
2024-03-26 00:00:00,Finland - Estonia,1.4,4.5,7.75,FR,169.54,2.18,0.84,O,1,1X/12,GG,EVEN,2.98,1.34
2024-03-26 00:30:00,Tivoli Gardens FC - Harbour View FC,1.5,4.0,5.0,JM1,147.54,1.87,1.47,O,2,1X,GG,ODD,3.29,0.4
2024-03-26 00:45:00,Internacional - EC Juventude,1.3,4.8,9.0,BRGA,262.79,2.07,0.6,U,1,1X/12,NG,ODD,2.84,1.47
2024-03-26 02:00:00,Mexico U23 - Argentina U23,2.7,3.4,2.15,FR,-14.28,1.39,1.21,O,1,1X,GG,EVEN,2.66,0.18
2024-03-26 08:45:00,Lebanon - Australia,15.5,6.5,1.19,WCQ,-457.66,0.44,2.75,U,2,2X/12,NG,ODD,2.83,-2.31
2024-03-26 09:30:00,Bangladesh - Palestine,16.0,6.75,1.18,WCQ,-470.83,0.44,2.97,O,2,2X/12,NG,ODD,3.17,-2.53
2024-03-26 10:00:00,Guyana - Cambodia,1.8,3.4,4.4,FR,294.93,1.15,0.83,U,1,1X,NG,ODD,2.02,0.32
2024-03-26 11:00:00,Slovenia U19 - Kosovo U19,1.83,3.5,3.4,EYQ,114.38,1.84,0.91,O,1,1X/12,NG,EVEN,2.81,0.93
2024-03-26 11:00:00,Austria U19 - Spain U19,5.5,4.2,1.44,EYQ,-326.85,0.9,1.6,O,2,2X/12,NG,EVEN,2.61,-0.7
2024-03-26 11:00:00,Armenia U21 - Romania U21,6.0,4.4,1.44,EUQ,-325.65,0.69,1.81,O,2,2X/12,NG,EVEN,2.46,-1.12
2024-03-26 11:00:00,Philippines - Iraq,11.5,5.75,1.21,WCQ,-502.61,0.91,2.5,O,2,2X/12,GG,ODD,3.35,-1.59
2024-03-26 12:00:00,Azerbaijan U21 - Ukraine U21,8.25,5.25,1.28,EUQ,-371.75,0.73,2.16,U,2,2X/12,NG,EVEN,2.95,-1.43
2024-03-26 12:00:00,Vietnam - Indonesia,2.05,3.1,3.6,WCQ,15.01,1.31,1.06,U,X,1X,GG,EVEN,2.35,0.25
2024-03-26 12:00:00,Eswatini - Somalia,1.16,6.0,14.0,CAFQ,337.31,2.41,0.67,O,1,1X/12,NG,ODD,3.18,1.74
2024-03-26 12:00:00,China - Singapore,1.15,7.25,15.0,WCQ,381.6,3.06,0.47,O,1,1X/12,NG,EVEN,3.57,2.59
2024-03-26 12:30:00,Thailand - South Korea,7.25,4.6,1.39,WCQ,-372.91,0.81,2.35,O,2,2X/12,GG,ODD,3.07,-1.54
2024-03-26 13:00:00,Gibraltar U21 - Georgia U21,23.0,9.75,1.08,EUQ,-696.7,0.5,2.91,O,2,2X/12,NG,EVEN,3.48,-2.41
2024-03-26 13:00:00,Portugal U20 - Denmark U20,1.53,3.8,5.0,FR,76.48,2.27,0.93,O,1,1X/12,NG,EVEN,3.23,1.34
2024-03-26 13:00:00,Romania U19 - Croatia U19,3.3,3.5,1.85,EYQ,-120.98,1.43,1.58,O,1,2X,GG,ODD,3.15,-0.15
2024-03-26 13:00:00,Latvia U19 - North Macedonia U19,3.5,3.4,1.85,EYQ,-29.21,1.21,1.68,O,2,2X,GG,EVEN,2.98,-0.47
2024-03-26 13:00:00,Portugal U21 - Croatia U21,1.49,4.1,5.75,EUQ,161.56,1.82,1.17,U,1,1X/12,GG,ODD,3.01,0.65
2024-03-26 13:00:00,Germany U19 - Turkey U19,1.8,3.5,3.6,EYQ,160.67,2.1,1.11,O,1,1X/12,GG,ODD,3.24,0.99
2024-03-26 13:00:00,North Macedonia U21 - Sweden U21,5.0,4.0,1.55,EUQ,-258.94,0.8,1.79,O,2,2X/12,NG,EVEN,2.61,-0.99
2024-03-26 13:00:00,Ukraine U19 - Switzerland U19,2.5,3.25,2.37,EYQ,-19.71,1.15,1.57,U,2,2X,GG,EVEN,2.67,-0.42
2024-03-26 13:30:00,India - Afghanistan,1.32,5.0,9.25,WCQ,312.45,1.73,0.75,U,X,1X/12,GG,ODD,2.54,0.98
2024-03-26 13:30:00,Czech Republic U20 - England U20,4.2,3.6,1.65,FR,-234.91,0.77,1.89,U,2,2X/12,NG,ODD,2.65,-1.12
2024-03-26 13:30:00,Italy U19 - Georgia U19,1.2,6.0,10.0,EYQ,356.89,2.65,0.79,O,1,1X/12,GG,EVEN,3.4,1.86
2024-03-26 13:30:00,Czech Republic U19 - Scotland U19,1.9,3.4,3.3,EYQ,52.31,1.19,1.06,O,2,1X,NG,ODD,2.2,0.13
2024-03-26 13:30:00,Czech Republic - Armenia,1.32,5.25,8.75,FR,308.73,1.95,0.75,O,1,1X/12,GG,EVEN,2.76,1.2
2024-03-26 13:30:00,Czech Republic U21 - Iceland U21,1.61,3.8,4.75,EUQ,122.91,1.63,0.77,U,1,1X/12,NG,EVEN,2.41,0.86
2024-03-26 14:00:00,Malaysia - Oman,3.3,2.95,2.05,WCQ,-150.23,0.89,1.44,U,2,2X,NG,ODD,2.3,-0.55
2024-03-26 14:00:00,Israel U19 - Norway U19,3.9,3.6,1.71,EYQ,-89.71,0.94,1.68,O,2,2X/12,GG,ODD,2.54,-0.74
2024-03-26 14:00:00,Greece U21 - Andorra U21,1.08,10.0,26.0,EUQ,512.29,2.72,0.45,O,1,1X/12,NG,EVEN,2.98,2.27
2024-03-26 14:00:00,Montenegro U21 - Finland U21,3.2,3.3,2.05,EUQ,-105.76,1.23,1.34,U,2,2X,NG,ODD,2.53,-0.11
2024-03-26 14:00:00,Kazakhstan U21 - Hungary U21,4.2,3.5,1.75,EUQ,-248.23,1.02,1.79,U,2,2X/12,NG,ODD,2.78,-0.77
2024-03-26 14:00:00,Poland U21 - Bulgaria U21,1.5,3.9,5.75,EUQ,204.96,1.73,1.16,O,1,1X,GG,ODD,2.94,0.57
2024-03-26 14:00:00,Kyrgyzstan - Chinese Taipei,1.09,8.75,18.0,WCQ,403.99,2.77,0.34,O,1,1X/12,NG,ODD,2.99,2.43
2024-03-26 14:00:00,Montenegro U19 - Bosnia-Herzegovina U19,2.25,3.2,2.7,EYQ,-25.31,0.96,1.13,U,X,2X,NG,EVEN,2.13,-0.17
2024-03-26 14:00:00,Germany U21 - Israel U21,1.17,6.75,13.5,EUQ,308.74,2.37,0.46,O,1,1X/12,NG,ODD,2.91,1.91
2024-03-26 14:30:00,Uzbekistan - Hong Kong,1.06,11.5,26.0,WCQ,482.74,2.73,0.47,U,1,1X/12,NG,EVEN,3.06,2.26
2024-03-26 15:00:00,Greece U19 - Serbia U19,2.9,3.25,2.1,EYQ,-135.23,1.21,1.69,U,2,2X,GG,ODD,2.93,-0.48
2024-03-26 15:00:00,Denmark U19 - Portugal U19,3.9,3.7,1.7,EYQ,-205.71,1.09,1.55,U,X,2X,GG,EVEN,2.49,-0.46
2024-03-26 15:00:00,Gateshead FC - Hartlepool United FC,1.73,3.9,3.5,UK5,69.62,1.87,1.22,O,1,1X/12,GG,ODD,3.06,0.65
2024-03-26 15:00:00,Turkmenistan - Iran,17.0,8.5,1.08,WCQ,-557.72,0.4,2.43,U,2,2X/12,NG,EVEN,2.81,-2.03
2024-03-26 15:00:00,Mauritius - Chad,2.2,2.87,3.1,CAFQ,-16.67,1.22,0.96,O,2,1X,NG,EVEN,2.14,0.26
2024-03-26 15:00:00,Tajikistan - Saudi Arabia,4.6,3.5,1.77,WCQ,-244.07,0.96,1.64,O,2,2X/12,GG,ODD,2.65,-0.68
2024-03-26 15:00:00,Solihull Moors FC - Southend United,2.6,3.25,2.35,UK5,-97.39,1.27,1.31,U,2,2X,NG,EVEN,2.64,-0.04
2024-03-26 15:00:00,Liberia - Djibouti,1.16,6.0,15.5,CAFQ,430.71,2.41,0.64,O,1,1X/12,NG,ODD,3.22,1.77
2024-03-26 15:15:00,US Triestina Calcio - US Alessandria 1912,1.41,4.0,6.5,IT3A,179.42,1.47,0.66,U,1,1X/12,NG,ODD,2.17,0.81
2024-03-26 16:00:00,Albania U21 - Switzerland U21,4.75,3.7,1.63,EUQ,-254.83,1.17,1.92,O,2,2X/12,GG,ODD,2.89,-0.75
2024-03-26 16:00:00,Romania U20 - Poland U20,2.5,3.2,2.45,FR,-113.35,1.65,1.13,O,1,1X,NG,EVEN,2.7,0.52
2024-03-26 17:00:00,South Sudan - Sao Tome and Principe,1.58,3.4,5.25,CAFQ,143.56,1.37,0.65,O,1,1X/12,NG,EVEN,2.09,0.72
2024-03-26 17:00:00,Denmark U21 - Lithuania U21,1.08,10.5,21.0,EUQ,506.63,2.68,0.45,O,1,1X/12,NG,ODD,3.11,2.23
2024-03-26 17:00:00,Georgia - Greece,3.25,3.1,2.35,ECQ,-135.6,1.33,1.08,U,1,1X,GG,EVEN,2.34,0.25
2024-03-26 17:00:00,Lithuania - Gibraltar,1.25,5.75,14.5,EN,378.32,2.1,0.73,U,1,1X/12,GG,ODD,3.02,1.37
2024-03-26 17:00:00,Lithuania U19 - France U19,31.0,12.0,1.04,EYQ,-415.67,0.83,3.0,U,2,2X/12,GG,ODD,3.77,-2.17
2024-03-26 17:00:00,Serbia U21 - Northern Ireland U21,1.36,4.75,7.0,EUQ,193.42,2.2,0.67,U,1,1X/12,NG,EVEN,2.99,1.53
2024-03-26 17:00:00,Latvia - Liechtenstein,1.22,6.25,12.0,FR,379.89,2.27,0.64,O,1,1X/12,NG,ODD,2.97,1.63
2024-03-26 17:00:00,Austria U21 - Cyprus U21,1.17,7.0,13.0,EUQ,390.49,2.5,0.53,U,1,1X/12,NG,EVEN,3.02,1.97
2024-03-26 17:15:00,Italy U21 - Turkey U21,1.41,4.4,6.5,EUQ,190.72,1.94,0.8,O,1,1X/12,NG,EVEN,2.55,1.14
2024-03-26 18:00:00,Spain U21 - Belgium U21,1.53,3.9,5.5,EUQ,165.13,1.66,0.95,U,1,1X/12,GG,EVEN,2.51,0.71
2024-03-26 18:00:00,Bahrain - Nepal,1.01,21.0,56.0,WCQ,694.99,3.1,0.32,O,1,1X/12,NG,ODD,3.52,2.78
2024-03-26 18:00:00,Belgium U19 - Netherlands U19,3.8,3.8,1.66,EYQ,-143.7,0.84,1.34,O,2,2X,NG,ODD,2.33,-0.5
2024-03-26 18:00:00,Jordan - Pakistan,1.01,21.0,61.0,WCQ,642.8,3.21,0.41,U,1,1X/12,NG,ODD,3.72,2.8
2024-03-26 18:00:00,Morocco - Mauritania,1.23,5.75,12.5,FR,341.36,1.84,1.09,U,X,1X/12,GG,EVEN,2.97,0.75
2024-03-26 18:00:00,US Avranches - FC Villefranche,2.37,3.0,2.7,FR3,-80.08,0.96,1.12,U,2,2X,NG,EVEN,2.01,-0.16
2024-03-26 18:00:00,Malta - Belarus,3.25,3.25,2.2,FR,-146.08,1.1,1.07,O,1,1X,GG,ODD,2.16,0.03
2024-03-26 18:00:00,Hungary - Kosovo,1.66,3.75,4.8,FR,169.48,1.87,0.89,O,1,1X/12,GG,EVEN,2.74,0.98
2024-03-26 18:00:00,GOAL FC - FC Sochaux,2.3,3.1,2.7,FR3,-51.93,1.75,1.07,U,1,1X/12,GG,EVEN,2.77,0.68
2024-03-26 18:00:00,Norway - Slovakia,1.55,3.8,5.25,FR,132.18,1.85,1.0,O,1,1X/12,GG,EVEN,2.96,0.85
2024-03-26 19:00:00,Syria - Myanmar,1.07,9.5,17.0,WCQ,517.33,2.61,0.37,O,1,1X/12,NG,EVEN,2.93,2.24
2024-03-26 19:00:00,Yemen - United Arab Emirates,13.0,6.0,1.23,WCQ,-468.09,0.55,2.42,O,2,2X/12,NG,ODD,3.05,-1.87
2024-03-26 19:00:00,Kuwait - Qatar,5.75,4.0,1.55,WCQ,-302.77,0.9,1.62,U,2,2X/12,NG,EVEN,2.53,-0.72
2024-03-26 19:00:00,England U21 - Luxembourg U21,1.01,23.0,71.0,EUQ,652.9,3.19,0.45,O,1,1X/12,NG,ODD,3.76,2.74
2024-03-26 19:00:00,Egypt - Croatia,3.4,3.3,2.05,FR,-187.25,1.03,1.59,O,2,2X,NG,ODD,2.57,-0.56
2024-03-26 19:15:00,Denmark - Färöer,1.11,9.5,23.0,FR,564.25,2.79,0.6,O,1,1X/12,GG,EVEN,3.44,2.19
2024-03-26 19:30:00,Uruguay - Cote d'Ivoire,2.1,3.3,3.4,FR,114.97,1.33,1.11,U,2,1X,GG,EVEN,2.46,0.22
2024-03-26 19:30:00,Colombia - Romania,1.66,3.7,5.0,FR,268.51,1.63,0.84,U,1,1X/12,NG,ODD,2.47,0.79
2024-03-26 19:30:00,Senegal - Benin,1.26,5.5,11.5,FR,354.25,2.22,0.56,U,1,1X/12,NG,EVEN,2.77,1.66
2024-03-26 19:45:00,Luxembourg - Kazakhstan,2.2,3.3,3.1,FR,-23.34,1.21,0.88,U,X,1X,NG,ODD,2.12,0.33
2024-03-26 19:45:00,Altrincham FC - Wealdstone FC,1.68,3.8,3.8,UK5,86.23,1.54,0.9,O,1,1X,NG,ODD,2.46,0.64
2024-03-26 19:45:00,Ukraine - Iceland,1.49,4.33,6.75,ECQ,220.41,2.12,0.89,O,1,1X/12,GG,ODD,3.09,1.23
2024-03-26 19:45:00,Wales - Poland,2.5,3.1,3.0,ECQ,-49.48,1.19,1.12,U,1,1X,NG,EVEN,2.18,0.07
2024-03-26 19:45:00,England - Belgium,1.78,3.6,4.2,FR,120.82,1.6,1.16,O,2,1X,GG,ODD,2.91,0.44
2024-03-26 19:45:00,Germany - Netherlands,1.95,3.75,3.4,FR,27.77,1.51,1.4,O,2,1X,GG,ODD,2.93,0.11
2024-03-26 19:45:00,Austria - Turkey,1.9,3.5,3.8,FR,94.93,1.75,1.11,O,1,1X,GG,ODD,2.87,0.64
2024-03-26 19:45:00,Slovenia - Portugal,6.25,4.2,1.47,FR,-300.83,0.79,1.87,O,2,2X/12,NG,EVEN,2.72,-1.08
2024-03-26 19:45:00,Ireland - Switzerland,3.1,3.3,2.2,FR,-156.48,1.14,1.27,O,2,2X,NG,EVEN,2.33,-0.13
2024-03-26 19:45:00,Scotland - Northern Ireland,1.55,3.8,6.0,FR,163.5,1.63,0.74,U,1,1X/12,NG,EVEN,2.45,0.89
2024-03-26 20:00:00,New Zealand - Tunisia,4.5,3.6,1.73,FR,-115.94,0.8,1.67,O,2,2X/12,GG,ODD,2.5,-0.87
2024-03-26 20:00:00,France - Chile,1.3,5.5,8.75,FR,203.26,2.56,0.57,O,1,1X/12,NG,ODD,3.27,1.99
2024-03-26 20:30:00,Spain - Brazil,2.2,3.4,3.1,FR,-6.53,1.53,1.06,O,1,1X,GG,ODD,2.44,0.47
2024-03-26 22:00:00,Togo - Libya,2.3,3.0,3.25,FR,81.03,1.41,0.9,U,1,1X,NG,ODD,2.34,0.51
2024-03-26 23:00:00,Perez Zeledon - Sporting San Jose,2.1,3.3,2.9,CR1,-56.18,1.7,1.17,U,1,1X,GG,EVEN,2.77,0.53
2024-03-27 00:00:00,Santos de Guapiles - AD Guanacasteca,2.37,3.2,2.6,CR1,-82.98,1.4,0.9,O,1,1X,NG,EVEN,2.26,0.5
2024-03-27 00:00:00,Gremio Porto Alegre - Caxias do Sul,1.33,4.75,7.75,BRGA,234.17,2.14,0.69,O,1,1X/12,NG,ODD,2.86,1.45
2024-03-27 01:00:00,Nicaragua - Cuba,1.65,3.9,4.8,FR,135.4,2.17,1.23,O,1,1X/12,GG,ODD,3.26,0.94
2024-03-27 01:05:00,Cancun FC - CD Tapatio,1.87,3.25,3.6,MX2,62.72,1.41,0.81,U,1,1X,NG,EVEN,2.21,0.6
2024-03-27 01:30:00,Municipal Liberia - Alajuelense,3.1,3.4,1.95,CR1,-150.47,1.25,1.04,U,1,1X,NG,EVEN,2.26,0.21
2024-03-27 01:30:00,Peru - Dominican Republic,1.18,6.75,15.5,FR,295.68,2.47,0.53,U,1,1X/12,NG,EVEN,3.19,1.94
2024-03-27 03:00:00,Argentina - Costa Rica,1.18,7.0,15.0,FR,503.58,2.92,0.48,O,1,1X/12,NG,EVEN,3.39,2.44
2024-03-27 03:05:00,Alebrijes de Oaxaca - Tepatitlan de Morelos,1.88,3.4,3.4,MX2,32.44,1.51,0.81,O,1,1X/12,NG,ODD,2.34,0.7
2024-03-27 04:00:00,Arema FC - Persebaya Surabaya,2.87,3.2,2.15,ID1,-88.54,1.27,1.49,O,2,2X,GG,ODD,2.73,-0.22
2024-03-27 13:30:00,Dewa United FC - Persita Tangerang,1.66,3.75,4.0,ID1,96.68,1.58,0.98,U,1,1X,NG,ODD,2.52,0.6
2024-03-27 14:00:00,SK Slovan Varnsdorf - SK Lisen,2.15,3.2,2.9,CZ2,-29.99,1.13,1.28,U,2,2X,GG,ODD,2.36,-0.15
2024-03-27 17:45:00,Olympique Lyon (W) - Benfica (W),1.15,7.5,14.0,WCLCUP,317.92,3.11,0.6,O,1,1X/12,NG,EVEN,3.8,2.51
2024-03-27 19:00:00,CA Progreso Montevideo - Rampla Juniors,1.7,3.5,4.4,UY1,109.39,1.51,1.07,U,1,1X,GG,EVEN,2.66,0.44
2024-03-27 20:00:00,Chelsea LFC (W) - Ajax Amsterdam (W),1.22,6.25,10.5,WCLCUP,313.43,2.18,0.65,O,1,1X/12,NG,ODD,2.86,1.53
2024-03-27 21:00:00,AD Municipal Grecia FC - Puntarenas FC,2.7,3.1,2.25,CR1,-108.0,1.6,1.35,U,1,1X,GG,EVEN,2.89,0.25
2024-03-27 22:00:00,Tacuary FBC - Sportivo Ameliano,2.75,3.2,2.25,PY1,-6.15,1.68,1.5,O,1,1X,GG,ODD,3.16,0.18
2024-03-27 23:30:00,Santos FC - CA Bragantino,2.5,3.2,2.8,BRP,-22.63,1.04,1.38,U,2,2X,NG,ODD,2.37,-0.34
2024-03-28 00:30:00,Sportivo Trinidense - Sportivo Luqueño,3.6,3.25,1.88,PY1,-165.18,1.01,1.28,U,2,2X,NG,ODD,2.22,-0.27
2024-03-28 01:00:00,AD San Carlos - CS Herediano,2.45,3.2,2.5,CR1,-77.28,1.71,0.79,U,1,1X/12,NG,ODD,2.41,0.92
2024-03-28 01:05:00,Leones Negros - Club Atletico La Paz,1.53,3.8,5.0,MX2,155.29,2.27,0.93,O,1,1X/12,GG,EVEN,3.23,1.34
2024-03-28 01:20:00,Millonarios - Independiente Santa Fe,2.0,3.1,3.6,CO1,38.22,1.18,0.76,U,X,1X,NG,EVEN,1.96,0.42
2024-03-28 02:00:00,CS Cartagines - Deportivo Saprissa,3.1,3.25,2.0,CR1,-144.1,1.41,1.34,O,1,1X,GG,ODD,2.73,0.07
2024-03-28 03:05:00,Correcaminos - Cimarrones,1.88,3.25,3.5,MX2,9.32,1.11,1.07,O,2,1X,NG,EVEN,2.13,0.04
2024-03-28 19:45:00,Carrarese Calcio - Perugia Calcio,2.2,2.87,3.1,IT3B,24.88,1.22,0.96,U,1,1X,NG,EVEN,2.14,0.26
2024-03-28 19:45:00,AS Gubbio 1910 - Sassari Torres 1903,2.55,2.85,2.6,IT3B,-39.18,0.89,1.14,U,2,2X,NG,EVEN,1.95,-0.25
2024-03-28 19:45:00,Calcio Padova - US Pergolettese,1.34,4.2,8.0,IT3A,228.71,1.77,0.58,U,1,1X/12,NG,EVEN,2.33,1.19
2024-03-28 19:45:00,Unione Sportiva Fermana - Rimini Calcio,3.1,2.9,2.2,IT3B,-158.81,0.92,1.19,O,2,2X,GG,ODD,1.99,-0.27
2024-03-28 19:45:00,Vis Pesaro 1898 - AS Lucchese Libertas,2.55,2.85,2.6,IT3B,-99.59,0.89,1.14,U,2,2X,NG,EVEN,1.95,-0.25
2024-03-28 20:00:00,Deportivo Garcilaso - Comerciantes Unidos,1.6,3.6,5.0,PE1,72.42,1.32,1.43,O,2,2X,GG,EVEN,2.63,-0.11
2024-03-28 21:00:00,Audax Italiano - Coquimbo Unido,2.35,3.4,2.85,CL1,-13.17,1.48,1.39,U,X,1X,GG,EVEN,3.01,0.09
2024-03-28 23:00:00,Rosario Central - Barracas Central,1.98,3.2,3.9,AR1,92.63,1.12,1.11,U,2,1X,NG,EVEN,2.35,0.01
2024-03-28 23:30:00,O´Higgins - CD Iquique,2.37,3.5,2.7,CL1,-24.06,1.26,1.21,U,X,1X,GG,EVEN,2.67,0.05
2024-03-29 00:00:00,Instituto AC Cordoba - Argentinos Juniors,2.2,3.0,3.4,AR1,-14.77,1.53,0.74,U,1,1X/12,NG,ODD,2.07,0.79
2024-03-29 00:35:00,Palmeiras - Novorizontino,1.37,4.8,7.75,BRP,215.72,2.07,0.98,O,1,1X/12,GG,ODD,3.11,1.09
2024-03-29 01:00:00,Alianza Lima - CD Los Chankas,1.34,4.6,7.5,PE1,189.91,2.1,0.64,U,1,1X/12,NG,EVEN,2.74,1.46
2024-03-29 10:00:00,Tokyo Verdy - Kyoto Purple Sanga,2.7,3.2,2.55,JP1,-8.12,1.43,0.89,O,1,1X,NG,ODD,2.22,0.54
2024-03-29 11:00:00,CF Os Belenenses - CD Feirense,2.45,3.2,2.55,PT2,-57.87,1.54,0.85,U,1,1X/12,NG,EVEN,2.34,0.69
2024-03-29 12:00:00,Pirin Blagoewgrad - Etar 1924 Veliko Tarnovo,2.05,3.1,3.5,BG1,-13.36,1.13,1.24,U,2,2X,NG,ODD,2.41,-0.11
2024-03-29 12:30:00,Bristol City - Leicester City,4.8,3.75,1.72,UK2,-216.76,1.14,1.75,O,1,2X,GG,ODD,2.85,-0.61
2024-03-29 13:00:00,Millwall FC - West Bromwich Albion,3.1,3.1,2.4,UK2,-135.97,1.18,1.15,U,X,1X,GG,EVEN,2.32,0.03
2024-03-29 14:00:00,Pacos Ferreira - UD Oliveirense,1.51,3.9,5.5,PT2,166.62,1.61,1.17,O,X,1X,GG,EVEN,2.56,0.44
2024-03-29 14:00:00,NK Rogaska - NK Bravo,2.95,3.3,2.15,SI1,-90.11,1.27,1.47,U,2,2X,GG,EVEN,2.68,-0.2
2024-03-29 14:30:00,FK Arda Kardzhali - Levski Krumovgrad,1.85,3.25,4.0,BG1,81.24,1.6,0.93,U,1,1X/12,GG,ODD,2.54,0.67
2024-03-29 15:00:00,Peterborough United - Carlisle United,1.3,5.75,8.5,UK3,314.33,2.2,0.89,O,1,1X/12,GG,ODD,2.99,1.31
2024-03-29 15:00:00,Sheffield Wednesday - Swansea City,2.45,3.3,2.8,UK2,-41.22,1.46,1.57,O,2,2X,GG,ODD,3.02,-0.11
2024-03-29 15:00:00,Exeter City - Charlton Athletic,2.5,3.5,2.55,UK3,-69.95,1.58,1.61,O,2,2X,GG,ODD,3.2,-0.03
2024-03-29 15:00:00,Kidderminster Harriers - Altrincham FC,2.65,3.25,2.3,UK5,-48.64,1.22,1.25,U,2,2X,GG,EVEN,2.46,-0.03
2024-03-29 15:00:00,Gateshead FC - Rochdale AFC,1.77,3.7,3.5,UK5,74.87,1.85,1.08,O,1,1X/12,GG,ODD,3.08,0.77
2024-03-29 15:00:00,Hull City - Stoke City,1.9,3.6,3.9,UK2,34.3,1.73,1.21,O,1,1X,GG,ODD,2.96,0.52
2024-03-29 15:00:00,Southampton FC - Middlesbrough FC,1.6,4.33,5.0,UK2,146.86,2.07,1.49,O,2,1X,GG,ODD,3.32,0.58
2024-03-29 15:00:00,Derby County - Blackpool FC,1.88,3.5,4.0,UK3,74.94,1.69,1.23,O,1,1X,GG,EVEN,2.94,0.46
2024-03-29 15:00:00,Wigan Athletic - Burton Albion,1.98,3.4,3.6,UK3,30.13,1.54,0.69,O,1,1X/12,NG,ODD,2.28,0.85
2024-03-29 15:00:00,Queens Park Rangers - Birmingham City,2.05,3.3,3.8,UK2,53.22,1.48,0.91,U,1,1X,NG,EVEN,2.27,0.57
2024-03-29 15:00:00,Shrewsbury Town - Oxford United,3.5,3.5,1.98,UK3,-158.79,1.45,1.52,U,1,2X,GG,ODD,3.02,-0.07
2024-03-29 15:00:00,Preston North End - Rotherham United,1.52,4.1,6.5,UK2,194.2,1.76,1.09,O,1,1X/12,GG,ODD,2.94,0.67
2024-03-29 15:00:00,Port Vale - Bristol Rovers,2.5,3.3,2.7,UK3,-69.97,1.29,1.71,O,2,2X,GG,ODD,3.06,-0.42
2024-03-29 15:00:00,Reading FC - Northampton Town,1.72,3.75,4.5,UK3,110.12,1.44,1.08,U,2,1X,GG,EVEN,2.47,0.36
2024-03-29 15:00:00,Huddersfield Town - Coventry City,3.0,3.5,2.3,UK2,-100.61,1.26,1.46,O,2,2X,NG,ODD,2.57,-0.2
2024-03-29 15:00:00,Wycombe Wanderers - Portsmouth FC,3.5,3.4,2.05,UK3,-141.12,1.33,1.5,U,1,2X,GG,ODD,2.82,-0.17
2024-03-29 15:00:00,Barnsley FC - Cambridge United,1.53,4.2,5.5,UK3,164.8,1.96,0.98,U,1,1X/12,NG,EVEN,2.92,0.98
2024-03-29 15:00:00,Cardiff City - Sunderland FC,2.55,3.2,2.8,UK2,-16.53,1.07,1.36,U,2,2X,NG,ODD,2.43,-0.29
2024-03-29 15:00:00,Norwich City - Plymouth Argyle,1.49,4.6,6.25,UK2,157.93,1.99,1.24,U,2,1X/12,GG,EVEN,3.31,0.75
2024-03-29 15:00:00,Fleetwood Town - Cheltenham Town,2.05,3.4,3.4,UK3,-2.44,1.34,0.78,O,1,1X,NG,EVEN,2.19,0.56
2024-03-29 15:00:00,Lincoln City - Leyton Orient,1.85,3.3,3.8,UK3,21.84,1.5,0.99,O,1,1X,GG,ODD,2.46,0.51
2024-03-29 15:00:00,Stevenage FC - Bolton Wanderers,2.7,3.25,2.5,UK3,-49.48,1.5,1.13,U,1,1X,GG,EVEN,2.55,0.37
2024-03-29 15:00:00,Solihull Moors FC - Barnet FC,3.0,3.4,1.98,UK5,-140.59,1.32,1.27,U,1,1X,NG,EVEN,2.63,0.05
2024-03-29 15:00:00,Milton Keynes Dons - Walsall FC,1.93,3.6,3.5,UK4,45.12,1.86,1.17,O,1,1X/12,GG,ODD,3.15,0.69
2024-03-29 15:00:00,Woking FC - Eastleigh FC,1.66,3.6,4.1,UK5,122.76,1.38,1.1,U,2,1X,NG,EVEN,2.42,0.28
2024-03-29 15:00:00,Oldham Athletic - AFC Fylde,2.1,3.4,2.85,UK5,3.57,1.44,1.17,O,1,1X,GG,EVEN,2.57,0.27
2024-03-29 15:00:00,Barrow AFC - Grimsby Town,1.98,3.4,3.6,UK4,38.45,1.54,0.69,O,1,1X/12,NG,ODD,2.28,0.85
2024-03-29 15:00:00,Bradford City - Tranmere Rovers,2.05,3.4,3.3,UK4,53.89,1.28,0.83,O,1,1X,NG,EVEN,2.21,0.45
2024-03-29 15:00:00,Colchester United - Newport County AFC,1.98,3.6,3.4,UK4,24.6,1.63,1.35,O,2,1X,GG,ODD,2.98,0.28
2024-03-29 15:00:00,Dorking Wanderers - Bromley FC,3.1,3.4,2.0,UK5,-123.11,1.25,1.18,O,1,1X,GG,EVEN,2.61,0.07
2024-03-29 15:00:00,Forest Green Rovers - Stockport County,5.0,3.9,1.62,UK4,-240.81,0.87,2.36,O,2,2X/12,NG,EVEN,3.14,-1.49
2024-03-29 15:00:00,Salford City FC - Sutton United,1.9,3.7,3.6,UK4,68.62,1.99,1.21,O,1,1X/12,GG,ODD,3.1,0.78
2024-03-29 15:00:00,AFC Wimbledon - Harrogate Town,1.52,4.1,5.75,UK4,151.36,2.38,1.11,O,1,1X/12,GG,EVEN,3.66,1.27
2024-03-29 15:00:00,Crawley Town - Doncaster Rovers,2.15,3.6,2.95,UK4,5.6,1.65,1.3,U,1,1X,GG,EVEN,2.71,0.35
2024-03-29 15:00:00,Accrington Stanley - Morecambe FC,2.1,3.7,3.1,UK4,1.61,1.35,0.96,O,1,1X,NG,EVEN,2.4,0.39
2024-03-29 15:00:00,Swindon Town - Notts County,2.35,3.8,2.6,UK4,-45.0,1.7,1.64,O,2,1X,GG,ODD,3.3,0.06
2024-03-29 15:00:00,Gillingham FC - Crewe Alexandra,2.05,3.4,3.4,UK4,34.39,1.34,0.78,U,1,1X,NG,EVEN,2.19,0.56
2024-03-29 15:00:00,York City - Chesterfield FC,4.0,3.75,1.65,UK5,-195.12,1.18,1.63,O,X,2X,GG,ODD,2.6,-0.45
2024-03-29 15:00:00,Wrexham FC - Mansfield Town,2.3,3.6,2.7,UK4,-41.8,1.7,1.27,O,1,1X,NG,ODD,2.9,0.43
2024-03-29 15:00:00,Hartlepool United FC - Halifax Town,2.25,3.3,2.6,UK5,-16.1,1.46,1.14,U,1,1X,GG,EVEN,2.57,0.32
2024-03-29 15:00:00,Maidenhead United - Aldershot Town,2.55,3.3,2.3,UK5,-68.34,1.6,1.56,U,2,1X,GG,ODD,3.2,0.04
2024-03-29 15:00:00,Boreham Wood FC - Dagenham & Redbridge,2.25,3.25,2.7,UK5,-22.24,0.9,1.09,U,2,2X,NG,EVEN,2.08,-0.19
2024-03-29 15:00:00,Oxford City - Wealdstone FC,3.0,3.4,1.98,UK5,-142.52,1.32,1.27,U,X,1X,NG,ODD,2.63,0.05
2024-03-29 15:00:00,Ebbsfleet United - Southend United,2.5,3.3,2.35,UK5,-100.26,1.77,1.86,U,1,2X,GG,EVEN,3.64,-0.09
2024-03-29 15:30:00,Gil Vicente - FC Famalicao,2.35,3.2,3.0,PT1,-14.92,0.89,1.2,U,2,2X,NG,EVEN,2.08,-0.31
2024-03-29 15:30:00,CS Voluntari - AFC Hermannstadt,2.95,2.95,2.37,RO1,-91.5,0.98,1.06,U,X,2X,GG,ODD,2.13,-0.08
2024-03-29 15:30:00,Cerro Largo - Racing Montevideo,2.37,3.0,2.87,UY1,-6.75,1.04,1.04,U,X,X,GG,EVEN,2.11,0.0
2024-03-29 15:30:00,FC Nordsjälland - Aarhus GF,1.9,3.25,3.5,DKCUP,83.02,1.25,1.09,U,2,1X,NG,EVEN,2.27,0.16
2024-03-29 15:30:00,CD Tondela - Vilaverdense,1.57,3.75,5.0,PT2,152.23,1.44,0.89,O,X,1X,NG,EVEN,2.25,0.55
2024-03-29 16:30:00,NK Maribor - NK Radomlje,1.39,4.6,6.5,SI1,213.11,2.19,0.95,O,1,1X/12,GG,ODD,3.12,1.24
2024-03-29 16:30:00,MFK Ruzomberok - DAC Dunajska Streda,2.85,3.2,2.3,SK1,-108.57,1.18,1.26,U,X,2X,NG,EVEN,2.31,-0.08
2024-03-29 17:00:00,Levski Sofia - Slavia Sofia,1.53,3.7,6.0,BG1,178.57,2.06,0.69,O,1,1X/12,GG,EVEN,2.85,1.37
2024-03-29 17:30:00,Blackburn Rovers - Ipswich Town,3.75,3.8,1.88,UK2,-157.46,1.18,1.2,U,X,2X,GG,EVEN,2.54,-0.02
2024-03-29 18:00:00,Silkeborg IF - FC Fredericia,1.52,3.9,5.0,DKCUP,123.76,1.88,1.03,U,1,1X/12,GG,ODD,3.08,0.85
2024-03-29 18:00:00,Benfica Lisboa - GD Chaves,1.13,8.75,17.0,PT1,427.08,3.02,0.51,O,1,1X/12,NG,EVEN,3.42,2.51
2024-03-29 18:00:00,VV Venlo - FC Oss,1.63,3.9,4.4,NL2,112.48,2.33,0.71,U,1,1X/12,NG,ODD,3.25,1.62
2024-03-29 18:00:00,FC Emmen - Ajax Amsterdam II,1.55,4.33,4.6,NL2,78.98,1.88,1.15,O,1,1X/12,GG,EVEN,3.18,0.73
2024-03-29 18:30:00,Sepsi OSK Sfantu Gheorghe - CFR Cluj,3.2,3.3,2.1,RO1,-169.65,0.99,1.38,U,2,2X,NG,ODD,2.37,-0.39
2024-03-29 18:30:00,Austria Wien - Blau-Weiss Linz,1.65,3.8,5.0,AT1,131.87,1.85,1.44,O,2,1X,GG,ODD,2.99,0.41
2024-03-29 19:00:00,Stormvogels/Telstar - FC Utrecht II,1.62,3.9,4.5,NL2,114.96,1.93,0.94,U,1,1X/12,NG,EVEN,3.09,0.99
2024-03-29 19:00:00,Penarol Montevideo - Nacional Montevideo,2.35,3.2,2.8,UY1,-11.73,1.11,1.15,O,X,2X,GG,EVEN,2.28,-0.04
2024-03-29 19:00:00,De Graafschap - AZ Alkmaar II,1.65,4.1,4.1,NL2,96.65,2.26,1.34,O,1,1X/12,GG,EVEN,3.69,0.92
2024-03-29 19:00:00,Helmond Sport - Willem II Tilburg,3.9,3.6,1.77,NL2,-228.94,1.12,2.05,O,2,2X/12,GG,ODD,3.18,-0.93
2024-03-29 19:00:00,FC Eindhoven - Leeuwarden Cambuur,2.5,3.5,2.4,NL2,-78.1,1.6,1.72,U,2,2X,GG,EVEN,3.27,-0.12
2024-03-29 19:00:00,KFCO Beerschot Wilrijk - KRC Genk II,1.51,4.0,4.8,BE2,132.56,1.77,1.24,U,1,1X,GG,EVEN,2.99,0.53
2024-03-29 19:00:00,NAC Breda - MVV Maastricht,1.37,5.0,6.5,NL2,220.95,2.56,1.3,O,1,1X/12,GG,EVEN,3.65,1.26
2024-03-29 19:00:00,FC Den Bosch - FC Dordrecht,2.9,3.6,2.1,NL2,-137.57,1.3,1.43,O,1,2X,GG,EVEN,2.78,-0.13
2024-03-29 19:00:00,ADO Den Haag - FC Groningen,2.6,3.4,2.4,NL2,-75.1,1.27,1.51,U,2,2X,GG,ODD,2.88,-0.24
2024-03-29 19:00:00,Club Brugge II - FCV Dender EH,5.25,4.2,1.44,BE2,-255.44,0.76,1.66,U,2,2X/12,NG,EVEN,2.48,-0.9
2024-03-29 19:15:00,NK Domzale - NS Mura,2.35,3.25,2.75,SI1,-16.35,1.11,1.11,U,2,X,NG,EVEN,2.27,0.0
2024-03-29 19:30:00,Burgos CF - Espanyol Barcelona,2.45,3.0,2.75,ES2,-70.71,1.36,1.15,U,1,1X,GG,ODD,2.43,0.21
2024-03-29 19:45:00,Shelbourne FC - Dundalk FC,1.77,3.3,4.33,IR1,106.76,1.44,0.76,U,1,1X/12,NG,EVEN,2.2,0.68
2024-03-29 19:45:00,Drogheda United - St. Patricks Athletic,3.3,3.3,2.0,IR1,-160.45,1.07,1.21,U,X,2X,NG,EVEN,2.2,-0.14
2024-03-29 19:45:00,Shamrock Rovers - Bohemians Dublin,1.55,3.9,5.25,IR1,137.81,1.81,1.11,O,2,1X/12,GG,ODD,3.06,0.7
2024-03-29 19:45:00,Derry City - Galway FC,1.75,3.6,4.0,IR1,131.14,1.56,1.46,U,2,1X,GG,EVEN,2.95,0.1
2024-03-29 19:45:00,KAA Gent - Standard Liege,1.68,4.1,4.6,BE1,130.29,1.81,1.04,O,1,1X/12,GG,ODD,2.99,0.77
2024-03-29 19:45:00,Ayr United - Airdrieonians FC,2.35,3.2,2.7,SC2,-31.26,1.3,1.08,O,1,1X,GG,ODD,2.37,0.22
2024-03-29 19:45:00,Waterford United - Sligo Rovers,2.5,2.95,2.75,IR1,-25.77,0.93,1.0,U,2,2X,NG,ODD,2.18,-0.07
2024-03-29 20:00:00,Cadiz CF - Granada CF,2.1,3.25,3.6,ES1,24.05,1.66,1.16,U,1,1X,GG,ODD,2.85,0.5
2024-03-29 20:00:00,CA Tigre - CA Belgrano,2.87,2.95,2.55,AR1,-61.23,1.15,1.17,O,2,2X,GG,ODD,2.28,-0.02
2024-03-29 20:00:00,OSC Lille - RC Lens,2.05,3.5,3.4,FR1,16.97,1.67,1.25,O,X,1X,GG,EVEN,2.9,0.42
2024-03-29 20:00:00,Watford FC - Leeds United,5.25,4.2,1.6,UK2,-265.39,1.25,2.21,U,2,2X/12,GG,ODD,3.4,-0.96
2024-03-29 20:30:00,CF Estrela - Sporting Lisboa,10.0,6.0,1.26,PT1,-426.73,0.56,2.45,O,2,2X/12,GG,ODD,3.25,-1.89
2024-03-29 21:00:00,CSD Defensa y Justicia - Estudiantes La Plata,2.8,2.95,2.6,AR1,-77.51,1.14,0.89,U,1,1X,NG,ODD,2.09,0.25
2024-03-29 22:00:00,Alianza FC Valledupar - Deportes Tolima,2.7,3.2,2.4,CO1,-117.03,1.28,1.23,U,2,1X,GG,EVEN,2.53,0.05
2024-03-29 23:00:00,Cusco FC - Union Comercio,1.46,4.1,5.75,PE1,87.35,2.27,1.15,O,1,1X/12,GG,ODD,3.4,1.12
2024-03-29 23:30:00,CA Huracan - River Plate,3.9,3.2,2.0,AR1,-199.47,1.03,1.4,U,2,2X,NG,EVEN,2.39,-0.37
2024-03-29 23:30:00,CD Cobresal - CD Palestino,2.2,3.4,3.1,CL1,-72.41,1.53,1.06,U,1,1X,NG,ODD,2.44,0.47
2024-03-30 00:30:00,Atletico Junior - La Equidad,1.8,3.3,4.1,CO1,17.86,1.14,0.8,U,X,1X,NG,EVEN,2.0,0.34
2024-03-30 01:00:00,Puebla - Tigres,4.1,3.8,1.78,MX1,-242.26,0.97,1.91,U,2,2X/12,NG,ODD,3.0,-0.94
2024-03-30 02:00:00,Club America - Real San Luis,1.34,5.25,7.75,MX1,265.29,2.31,0.96,O,1,1X/12,GG,EVEN,3.33,1.35
2024-03-30 03:00:00,Mazatlan FC - Club Tijuana,2.15,3.6,3.0,MX1,-11.11,1.52,1.56,O,2,2X,GG,ODD,2.87,-0.04
2024-03-30 06:30:00,Melbourne City - Newcastle Jets,1.6,4.4,4.5,AU1,129.01,1.99,1.41,O,2,1X,GG,EVEN,3.1,0.58
2024-03-30 08:45:00,Sydney FC - Central Coast Mariners,2.1,3.7,3.0,AU1,-21.79,1.31,1.15,U,2,1X,NG,ODD,2.47,0.16
2024-03-30 11:00:00,Uniao Leiria - Nacional Madeira,2.4,3.4,2.5,PT2,-41.9,1.48,1.42,U,2,1X,GG,EVEN,3.04,0.06
2024-03-30 11:30:00,Rakow Czestochowa - Ruch Chorzow,1.38,4.75,7.75,PL1,255.06,2.45,0.74,O,1,1X/12,GG,EVEN,3.17,1.71
2024-03-30 11:30:00,SSC Napoli - Atalanta Bergamo,2.05,3.6,3.4,IT1,-29.33,1.49,1.27,O,X,1X,NG,EVEN,2.74,0.22
2024-03-30 12:00:00,1. FC Kaiserslautern - Fortuna Düsseldorf,2.8,3.7,2.35,DE2,-78.53,1.29,1.79,O,2,2X,GG,EVEN,3.23,-0.5
2024-03-30 12:00:00,Holstein Kiel - Hansa Rostock,1.6,4.2,5.0,DE2,134.23,1.94,1.41,O,2,1X,GG,ODD,3.15,0.53
2024-03-30 12:00:00,Eintracht Braunschweig - SV Elversberg 07,2.2,3.75,2.95,DE2,10.54,1.49,1.23,O,X,1X,NG,EVEN,2.74,0.26
2024-03-30 12:00:00,Eintracht Frankfurt - 1. FC Union Berlin,1.95,3.4,3.9,DE1,44.97,1.38,0.89,U,1,1X,NG,ODD,2.33,0.49
2024-03-30 12:30:00,Newcastle United - West Ham United,1.85,4.0,3.75,UK1,58.11,1.76,1.34,O,X,1X,GG,EVEN,2.91,0.42
2024-03-30 13:00:00,Panseraikos - Asteras Tripolis,2.2,3.3,3.1,GR1,0.75,1.21,0.88,U,1,1X,NG,EVEN,2.12,0.33
2024-03-30 13:00:00,Real Valladolid - UD Levante Valencia,1.8,3.3,4.2,ES2,73.14,1.09,0.88,U,X,1X,NG,EVEN,2.04,0.21
2024-03-30 13:00:00,Borussia Dortmund II - SV Waldhof Mannheim,2.95,3.6,2.2,DE3,-71.84,1.46,1.26,O,1,1X,GG,ODD,2.61,0.2
2024-03-30 13:00:00,SpVgg Unterhaching - FC Ingolstadt 04,2.85,3.6,2.25,DE3,-101.92,1.35,1.38,U,X,2X,GG,EVEN,2.64,-0.03
2024-03-30 13:00:00,SSV Ulm 1846 - FC Erzgebirge Aue,1.85,3.6,4.0,DE3,73.55,1.59,1.11,U,1,1X,GG,EVEN,2.59,0.48
2024-03-30 13:00:00,Jahn Regensburg - Hallescher FC,1.95,3.6,3.6,DE3,73.41,1.76,1.07,O,1,1X/12,GG,ODD,2.79,0.69
2024-03-30 13:00:00,Preußen Münster - Dynamo Dresden,3.1,3.6,2.1,DE3,-131.0,1.55,1.3,U,X,1X,GG,EVEN,2.82,0.25
2024-03-30 13:00:00,Getafe CF - Sevilla FC,2.4,3.2,3.0,ES1,-75.63,1.19,1.02,U,1,1X,NG,EVEN,2.18,0.17
2024-03-30 14:00:00,Liverpool FC Montevideo - River Plate Montevideo,1.87,3.25,3.9,UY1,99.52,1.52,0.93,U,1,1X,GG,EVEN,2.39,0.59
2024-03-30 14:00:00,IFK Norrköping FK - Malmö FF,5.75,4.4,1.49,SW1,-265.91,0.88,2.0,U,2,2X/12,NG,EVEN,2.86,-1.12
2024-03-30 14:00:00,Bohemians 1905 - FK Jablonec 97,2.1,3.4,3.3,CZ1,-12.62,1.49,0.68,U,1,1X/12,NG,ODD,2.16,0.81
2024-03-30 14:00:00,SK Sigma Olomouc - FK Pardubice,1.62,3.9,5.0,CZ1,120.25,1.69,1.14,O,1,1X,GG,EVEN,2.88,0.55
2024-03-30 14:00:00,FK Viktoria Plzen - FK Slovan Liberec,1.4,4.75,7.25,CZ1,170.05,1.87,0.97,O,1,1X/12,GG,ODD,2.81,0.9
2024-03-30 14:00:00,Valenciennes FC - AS Saint-Etienne,5.0,3.6,1.68,FR2,-227.83,0.68,1.69,U,X,2X/12,NG,EVEN,2.44,-1.01
2024-03-30 14:00:00,Torino AC - SSD Monza 1912,1.83,3.4,4.6,IT1,111.08,1.43,1.03,U,1,1X,NG,EVEN,2.37,0.4
2024-03-30 14:00:00,Genoa FC - Frosinone Calcio,1.9,3.5,4.0,IT1,57.14,1.78,1.1,U,1,1X/12,GG,EVEN,2.94,0.68
2024-03-30 14:00:00,Jagiellonia Bialystok - LKS Lodz,1.39,4.8,7.0,PL1,201.37,2.16,1.04,U,1,1X/12,GG,ODD,3.27,1.12
2024-03-30 14:00:00,Maritimo Funchal - Leixoes Matosinhos,1.68,3.5,4.6,PT2,112.37,2.14,1.0,U,1,1X/12,GG,EVEN,3.22,1.14
2024-03-30 14:30:00,RB Leipzig - FSV Mainz 05,1.4,5.0,7.25,DE1,191.09,1.79,0.98,U,2,1X/12,GG,EVEN,2.7,0.81
2024-03-30 14:30:00,Werder Bremen - VfL Wolfsburg,2.55,3.5,2.6,DE1,-33.64,1.56,1.47,U,X,1X,GG,EVEN,2.97,0.09
2024-03-30 14:30:00,Mönchengladbach - SC Freiburg,2.25,3.6,2.95,DE1,25.08,1.57,1.2,O,2,1X,GG,EVEN,2.74,0.37
2024-03-30 14:30:00,Bayer Leverkusen - 1899 Hoffenheim,1.24,6.75,10.5,DE1,286.7,2.6,0.61,U,1,1X/12,NG,ODD,3.33,1.99
2024-03-30 15:00:00,FC Aberdeen - Ross County,1.72,3.75,4.4,SC1,111.3,1.55,1.05,U,1,1X,GG,EVEN,2.45,0.5
2024-03-30 15:00:00,Cove Rangers - Stirling Albion,1.77,3.5,3.7,SC3,68.61,1.96,0.85,U,1,1X/12,NG,EVEN,2.79,1.11
2024-03-30 15:00:00,Nottingham Forest - Crystal Palace,2.2,3.3,3.2,UK1,0.74,1.78,1.01,U,1,1X/12,GG,EVEN,2.71,0.77
2024-03-30 15:00:00,FC Motherwell - St. Mirren,2.4,3.25,2.85,SC1,-34.74,1.17,0.9,U,1,1X,NG,EVEN,2.11,0.27
2024-03-30 15:00:00,Heart of Midlothian - FC Kilmarnock,1.98,3.5,3.5,SC1,39.31,1.52,1.12,U,1,1X,GG,EVEN,2.74,0.4
2024-03-30 15:00:00,AFC Bournemouth - Everton FC,2.15,3.6,3.2,UK1,10.12,1.77,1.23,O,1,1X,GG,EVEN,2.94,0.54
2024-03-30 15:00:00,Tottenham Hotspur - Luton Town,1.24,7.0,10.0,UK1,272.91,2.52,0.75,U,1,1X/12,GG,ODD,3.6,1.77
2024-03-30 15:00:00,Huachipato - Universidad Catolica,2.05,3.4,3.3,CL1,53.36,1.28,0.83,U,1,1X,NG,ODD,2.21,0.45
2024-03-30 15:00:00,Sheffield United - Fulham FC,4.4,3.9,1.73,UK1,-203.91,1.06,2.17,O,2,2X/12,GG,ODD,3.18,-1.11
2024-03-30 15:00:00,Hamilton Academical - Queen Of The South,1.36,4.4,6.5,SC3,234.85,2.38,0.93,O,1,1X/12,GG,EVEN,3.29,1.45
2024-03-30 15:00:00,Chelsea FC - Burnley FC,1.3,5.75,9.0,UK1,271.33,2.28,0.77,U,1,1X/12,NG,EVEN,3.01,1.51
2024-03-30 15:00:00,Partick Thistle - Inverness Caledonian Thistle,1.77,3.5,3.9,SC2,99.39,1.56,1.07,O,1,1X,GG,ODD,2.75,0.49
2024-03-30 15:00:00,Saint Johnstone FC - FC Dundee,2.7,3.2,2.55,SC1,-48.64,1.43,0.89,O,1,1X,NG,EVEN,2.22,0.54
2024-03-30 15:00:00,Dundee United - Raith Rovers Kirkcaldy,1.6,3.7,4.8,SC2,157.13,1.73,1.29,U,1,1X,GG,ODD,2.98,0.44
2024-03-30 15:00:00,Glasgow Rangers - Hibernian Edinburgh,1.28,5.75,9.25,SC1,277.54,2.51,0.82,O,1,1X/12,NG,EVEN,3.21,1.69
2024-03-30 15:00:00,Greenock Morton FC - Queens Park,1.77,3.5,3.9,SC2,110.38,1.56,1.07,O,1,1X,GG,ODD,2.75,0.49
2024-03-30 15:00:00,Arbroath FC - Dunfermline AFC,3.9,3.5,1.77,SC2,-173.51,1.07,2.28,U,2,2X/12,GG,ODD,3.23,-1.21
2024-03-30 15:00:00,Alloa Athletic - Annan Athletic,1.8,3.6,3.5,SC3,91.0,1.79,1.07,U,1,1X/12,GG,EVEN,2.88,0.72
2024-03-30 15:15:00,SD Eibar - CD Eldense,1.72,3.4,4.5,ES2,110.59,1.6,1.15,U,1,1X,GG,ODD,2.85,0.45
2024-03-30 15:15:00,CD Leganes - FC Cartagena,1.68,3.25,5.0,ES2,108.46,1.49,0.75,U,1,1X/12,NG,ODD,2.25,0.74
2024-03-30 15:15:00,UD Almeria - CA Osasuna,2.7,3.2,2.65,ES1,-81.75,1.31,0.86,U,1,1X,NG,EVEN,2.11,0.45
2024-03-30 15:15:00,Andorra CF - CD Mirandes,1.87,3.2,4.1,ES2,40.13,1.43,1.01,U,1,1X,GG,EVEN,2.52,0.42
2024-03-30 15:30:00,Vitoria Guimaraes - Moreirense FC,1.88,3.4,4.1,PT1,66.46,1.39,1.31,O,2,1X,GG,ODD,2.67,0.08
2024-03-30 15:30:00,FC Arouca - SC Farense,1.75,3.7,4.33,PT1,77.9,2.12,1.36,O,1,1X/12,GG,ODD,3.46,0.76
2024-03-30 15:30:00,Volos NFC - AE Kifisia FC,2.1,3.4,3.25,GR1,9.84,1.39,0.91,O,1,1X,GG,EVEN,2.4,0.48
2024-03-30 15:30:00,NEC Nijmegen - PSV Eindhoven,6.25,4.8,1.46,NL1,-315.93,1.16,2.45,O,2,2X/12,GG,ODD,3.74,-1.29
2024-03-30 15:30:00,AVS Futebol - Santa Clara,2.6,3.1,2.55,PT2,-39.73,1.28,1.5,U,2,2X,GG,ODD,2.83,-0.22
2024-03-30 15:30:00,FC Porto II - FC Penafiel,1.83,3.5,3.7,PT2,79.62,1.91,1.12,O,1,1X/12,GG,ODD,2.98,0.79
2024-03-30 15:30:00,SC Freiburg II - TSV 1860 München,3.6,3.4,1.98,DE3,-161.08,1.55,1.52,U,1,1X,GG,ODD,3.08,0.03
2024-03-30 16:00:00,FC Metz - AS Monaco,5.25,4.2,1.6,FR1,-237.43,1.25,2.21,O,2,2X/12,GG,ODD,3.4,-0.96
2024-03-30 16:00:00,SC Austria Lustenau - WSG Tirol,3.0,3.25,2.3,AT1,-118.82,1.16,1.39,O,2,2X,NG,EVEN,2.57,-0.23
2024-03-30 16:00:00,Wolfsberger AC - SCR Altach,2.4,3.25,2.8,AT1,3.36,1.12,0.98,U,1,1X,NG,EVEN,1.98,0.14
2024-03-30 16:30:00,Rampla Juniors - CA Fenix,2.8,3.1,2.4,UY1,-95.64,1.09,1.06,U,X,1X,NG,EVEN,2.13,0.03
2024-03-30 16:30:00,Piast Gliwice - Slask Wroclaw,2.05,3.1,3.75,PL1,22.55,1.41,0.73,O,1,1X/12,NG,ODD,2.04,0.68
2024-03-30 17:00:00,Lazio Roma - Juventus Torino,2.87,3.1,2.6,IT1,-95.91,1.06,1.63,O,2,2X,NG,ODD,2.65,-0.57
2024-03-30 17:00:00,1. FC Slovacko - Slavia Praha,4.4,3.6,1.75,CZ1,-249.75,0.79,1.87,U,2,2X/12,NG,EVEN,2.72,-1.08
2024-03-30 17:00:00,Stade Lausanne-Ouchy - AC Lugano,4.33,3.9,1.7,CH1,-228.21,0.84,1.71,U,2,2X/12,NG,ODD,2.59,-0.87
2024-03-30 17:00:00,FC Winterthur - Servette FC,3.5,3.7,1.93,CH1,-152.28,1.11,1.46,U,2,2X,NG,ODD,2.57,-0.35
2024-03-30 17:15:00,Oud Heverlee Leuven - KV Mechelen,2.65,3.5,2.55,BE1,-63.71,1.64,1.38,U,1,1X,GG,ODD,2.89,0.26
2024-03-30 17:30:00,FC Bayern München - Borussia Dortmund,1.43,5.5,6.0,DE1,171.2,2.4,1.63,O,2,1X/12,GG,EVEN,4.1,0.77
2024-03-30 17:30:00,Sporting Gijon - Racing Santander,2.1,3.25,3.2,ES2,-15.06,1.63,0.95,U,1,1X/12,GG,EVEN,2.64,0.68
2024-03-30 17:30:00,FC Valencia - RCD Mallorca,2.0,2.95,4.4,ES1,49.5,1.47,0.99,U,1,1X,GG,ODD,2.38,0.48
2024-03-30 17:30:00,Albacete Balompie - SD Huesca,1.98,3.0,3.8,ES2,24.38,1.32,0.66,U,1,1X/12,NG,ODD,1.94,0.66
2024-03-30 17:30:00,PAS Giannina - Panaitolikos,2.05,3.4,3.4,GR1,3.03,1.34,0.78,U,1,1X,NG,EVEN,2.19,0.56
2024-03-30 17:30:00,Montrose FC - Falkirk FC,4.6,4.0,1.52,SC3,-250.2,1.12,2.01,O,2,2X/12,GG,ODD,2.92,-0.89
2024-03-30 17:30:00,Aston Villa - Wolverhampton Wanderers,1.65,4.2,4.75,UK1,122.35,2.11,1.22,U,1,1X/12,GG,EVEN,3.23,0.89
2024-03-30 17:45:00,Olympique Lyon - Stade Reims,2.15,3.6,3.2,FR1,8.63,1.77,1.23,U,1,1X,GG,EVEN,2.94,0.54
2024-03-30 17:45:00,Sparta Rotterdam - Fortuna Sittard,2.2,3.4,3.1,NL1,3.16,1.53,1.06,U,X,1X,NG,EVEN,2.44,0.47
2024-03-30 18:00:00,Envigado - Atletico Nacional Medellin,3.1,3.1,2.2,CO1,-137.32,1.27,1.01,U,1,1X,NG,EVEN,2.16,0.26
2024-03-30 18:00:00,OFI Crete - Atromitos Athinon,2.05,3.5,3.4,GR1,27.13,1.67,1.25,U,2,1X,GG,ODD,2.9,0.42
2024-03-30 18:00:00,USL Dunkerque - Annecy FC,2.35,3.1,3.0,FR2,-27.34,0.99,0.82,U,X,1X,NG,EVEN,1.78,0.17
2024-03-30 18:00:00,US Quevilly - SM Caen,2.35,3.1,3.0,FR2,-16.28,0.99,0.82,U,X,1X,NG,EVEN,1.78,0.17
2024-03-30 18:00:00,AC Troyes - Rodez AF,2.7,3.4,2.45,FR2,-87.23,1.25,1.07,U,X,1X,NG,EVEN,2.18,0.18
2024-03-30 18:00:00,Stade Lavallois - SC Bastia,2.05,3.1,3.7,FR2,37.14,1.45,0.85,U,1,1X,NG,EVEN,2.29,0.6
2024-03-30 18:00:00,Girondins Bordeaux - Paris FC,2.15,3.25,3.25,FR2,6.45,1.46,1.18,U,1,1X,GG,EVEN,2.64,0.28
2024-03-30 18:00:00,Amiens SC - Pau FC,2.05,3.2,3.6,FR2,41.44,1.43,1.52,U,X,2X,GG,ODD,2.95,-0.09
2024-03-30 18:00:00,Grenoble Foot 38 - EA Guingamp,2.75,3.1,2.6,FR2,-68.26,0.94,1.64,O,2,2X/12,NG,ODD,2.48,-0.7
2024-03-30 18:00:00,US Concarneau - SCO Angers,3.5,3.25,2.05,FR2,-142.11,1.33,1.38,O,X,2X,GG,EVEN,2.66,-0.05
2024-03-30 18:00:00,Philadelphia Union - Minnesota United FC,1.77,3.9,4.0,US1,19.33,2.02,1.24,O,1,1X/12,GG,EVEN,3.28,0.78
2024-03-30 18:00:00,Boavista Porto - Rio Ave,2.6,3.1,2.7,PT1,-19.68,0.9,1.17,U,2,2X,NG,EVEN,2.04,-0.27
2024-03-30 18:30:00,FC Basel - FC Zürich,2.6,3.4,2.55,CH1,-67.71,1.46,1.32,O,1,1X,GG,ODD,2.77,0.14
2024-03-30 19:00:00,Go Ahead Eagles - Excelsior Rotterdam,1.63,4.33,4.75,NL1,99.59,1.91,1.23,O,1,1X/12,GG,EVEN,3.05,0.68
2024-03-30 19:00:00,RKC Waalwijk - SC Heerenveen,2.85,3.6,2.35,NL1,-87.58,1.1,1.32,O,X,2X,NG,EVEN,2.39,-0.22
2024-03-30 19:00:00,Pogon Szczecin - Cracovia Krakow,1.9,3.6,3.7,PL1,54.64,1.86,1.09,U,1,1X/12,GG,ODD,3.0,0.77
2024-03-30 19:15:00,Atletico Grau - Carlos Mannucci,1.63,3.7,4.5,PE1,89.55,1.65,0.86,U,1,1X/12,NG,EVEN,2.59,0.79
2024-03-30 19:30:00,Hertha BSC Berlin - 1. FC Nürnberg,1.8,4.0,3.9,DE2,88.28,2.04,1.29,O,1,1X/12,GG,EVEN,3.3,0.75
2024-03-30 19:45:00,AC Fiorentina - AC Milan,2.7,3.4,2.55,IT1,-77.13,1.54,1.12,O,1,1X,NG,ODD,2.58,0.42
2024-03-30 19:45:00,RSC Anderlecht - Royal Antwerp,2.3,3.5,2.95,BE1,-25.66,1.47,1.77,U,2,2X,GG,EVEN,3.08,-0.3
2024-03-30 20:00:00,Nova Iguacu - Flamengo,9.5,5.25,1.3,BRC,-377.38,0.76,2.0,U,2,2X/12,NG,EVEN,2.92,-1.24
2024-03-30 20:00:00,Boca Juniors - San Lorenzo,2.0,3.0,4.1,AR1,81.75,1.61,1.02,U,1,1X,GG,EVEN,2.7,0.59
2024-03-30 20:00:00,Brentford FC - Manchester United,3.0,3.8,2.15,UK1,-92.83,1.63,1.4,U,X,1X,GG,EVEN,2.84,0.23
2024-03-30 20:00:00,Colorado Rapids - Los Angeles FC,3.0,3.5,2.2,US1,-167.72,1.77,1.54,U,1,1X,GG,ODD,3.11,0.23
2024-03-30 20:00:00,Deportivo Pasto - Once Caldas,2.37,2.85,3.0,CO1,-74.12,1.24,1.11,U,1,1X,NG,EVEN,2.28,0.13
2024-03-30 20:00:00,FC Barcelona - UD Las Palmas,1.28,6.0,9.75,ES1,260.31,2.53,0.88,U,1,1X/12,NG,EVEN,3.37,1.65
2024-03-30 20:00:00,AZ Alkmaar - Vitesse Arnheim,1.28,5.75,10.0,NL1,283.22,2.21,1.08,O,1,1X/12,GG,EVEN,3.42,1.13
2024-03-30 20:30:00,Estoril Praia - FC Porto,7.5,5.0,1.36,PT1,-328.89,0.65,2.24,U,2,2X/12,NG,ODD,2.98,-1.59
2024-03-30 21:00:00,Colo Colo - Everton CD,1.71,3.75,4.5,CL1,123.71,1.6,1.06,U,1,1X,GG,ODD,2.67,0.54
2024-03-30 21:45:00,FBC Melgar - Cienciano Cuzco,1.7,3.6,4.2,PE1,28.94,1.4,1.06,O,2,1X,GG,ODD,2.56,0.34
2024-03-30 22:00:00,Central Cordoba - Racing Club,4.2,3.3,1.88,AR1,-223.89,0.99,1.38,U,2,2X,GG,ODD,2.44,-0.39
2024-03-30 22:00:00,Defensor Sporting - Danubio,1.95,3.25,3.5,UY1,81.72,1.78,1.07,U,1,1X/12,GG,ODD,2.67,0.71
2024-03-30 23:00:00,Cerro Porteño - Nacional Asuncion,1.47,3.8,5.75,PY1,210.9,1.55,0.92,U,1,1X,GG,EVEN,2.52,0.63
2024-03-30 23:30:00,Inter Miami CF - New York City FC,1.75,3.8,4.1,US1,36.23,1.82,1.01,O,1,1X/12,GG,EVEN,2.81,0.81
2024-03-30 23:30:00,D.C. United - CF Montreal,1.75,3.8,4.2,US1,47.96,1.88,0.89,O,1,1X/12,NG,ODD,2.68,0.99
2024-03-30 23:30:00,Orlando City - New York Red Bulls,2.4,3.2,2.87,US1,-84.39,1.32,0.94,U,X,1X,NG,EVEN,2.35,0.38
2024-03-30 23:30:00,Deportes Copiapo - Union La Calera,2.8,3.4,2.35,CL1,-89.51,1.14,1.05,U,X,1X,NG,EVEN,2.19,0.09
2024-03-30 23:30:00,Toronto FC - Sporting Kansas City,2.5,3.4,2.65,US1,-76.54,1.82,1.21,O,1,1X,GG,EVEN,3.01,0.61
2024-03-30 23:30:00,Charlotte FC - FC Cincinnati,2.1,3.4,3.2,US1,-67.72,1.52,0.98,O,1,1X,NG,EVEN,2.58,0.54
2024-03-31 00:00:00,Pachuca - Toluca,2.3,3.75,2.7,MX1,-46.08,1.66,1.34,O,1,1X,GG,ODD,2.98,0.32
2024-03-31 00:00:00,Wellington Phoenix - Brisbane Roar,2.0,3.7,3.25,AU1,11.1,1.6,1.2,O,X,1X,GG,EVEN,2.8,0.4
2024-03-31 00:30:00,Austin FC - FC Dallas,2.35,3.4,2.85,US1,-24.38,1.48,1.39,U,1,1X,GG,EVEN,3.01,0.09
2024-03-31 00:30:00,Nashville SC - Columbus Crew,3.1,3.4,2.15,US1,-153.04,1.34,1.27,U,1,1X,GG,EVEN,2.67,0.07
2024-03-31 00:30:00,Houston Dynamo - San Jose Earthquakes,1.8,3.5,4.33,US1,62.08,1.53,0.86,U,1,1X/12,NG,ODD,2.5,0.67
2024-03-31 02:00:00,Monterrey - Guadalajara Chivas,1.66,3.8,4.8,MX1,115.66,1.85,0.98,U,1,1X/12,NG,EVEN,2.71,0.87
2024-03-31 02:00:00,Universidad César Vallejo - Universitario De Deportes,3.6,3.3,1.9,PE1,-188.79,1.23,1.33,U,X,2X,GG,EVEN,2.58,-0.1
2024-03-31 02:30:00,Libertad Asuncion - Olimpia Asuncion,1.8,3.25,3.9,PY1,144.89,1.75,1.09,O,1,1X/12,GG,ODD,2.92,0.66
2024-03-31 02:30:00,Real Salt Lake - St. Louis City SC,1.93,3.7,3.5,US1,-14.85,1.71,1.29,O,1,1X,GG,ODD,3.06,0.42
2024-03-31 03:30:00,Vancouver Whitecaps - Portland Timbers,1.8,3.8,3.9,US1,25.66,2.0,0.88,O,1,1X/12,NG,ODD,2.91,1.12
2024-03-31 03:30:00,Los Angeles Galaxy - Seattle Sounders,1.98,3.6,3.5,US1,15.2,1.73,1.18,O,1,1X,GG,ODD,2.97,0.55
2024-03-31 04:05:00,UNAM Pumas - Cruz Azul,2.4,3.5,2.7,MX1,-47.62,1.4,1.25,O,1,1X,GG,EVEN,2.68,0.15
2024-03-31 11:15:00,FC Zwolle - Ajax Amsterdam,4.2,4.1,1.72,NL1,-257.94,1.02,2.23,O,2,2X/12,GG,ODD,3.23,-1.21
2024-03-31 12:00:00,Livingston FC - Celtic Glasgow,12.0,6.5,1.21,SC1,-453.78,0.66,2.7,O,2,2X/12,NG,EVEN,3.21,-2.04
2024-03-31 12:00:00,FC Lorient - Stade Brest,3.8,3.4,1.98,FR1,-201.51,1.15,1.45,U,2,2X,GG,EVEN,2.59,-0.3
2024-03-31 12:30:00,1. FC Magdeburg - Hannover 96,2.37,3.75,2.7,DE2,-42.8,1.68,1.29,O,1,1X,GG,ODD,3.03,0.39
2024-03-31 12:30:00,FC Viktoria Köln - VfB Lübeck,1.95,3.75,3.4,DE3,54.17,1.51,1.4,O,2,1X,GG,ODD,2.93,0.11
2024-03-31 12:30:00,FC Schalke 04 - Karlsruher SC,2.37,3.75,2.7,DE2,-27.42,1.68,1.29,O,1,1X,GG,ODD,3.03,0.39
2024-03-31 12:30:00,SV Wehen Wiesbaden - VfL Osnabrück,2.05,3.7,3.4,DE2,29.04,1.59,1.31,U,2,1X,GG,EVEN,2.88,0.28
2024-03-31 12:30:00,FC St. Pauli - SC Paderborn 07,1.6,4.33,5.0,DE2,117.78,2.07,1.49,O,2,1X,GG,ODD,3.32,0.58
2024-03-31 12:30:00,SpVgg Greuther Fürth - Hamburger SV,2.9,3.9,2.15,DE2,-96.96,1.44,1.72,O,2,2X,GG,ODD,3.08,-0.28
2024-03-31 13:00:00,Celta de Vigo - Rayo Vallecano,2.1,3.3,3.6,ES1,22.52,1.51,1.07,O,1,1X,GG,ODD,2.46,0.44
2024-03-31 13:00:00,AD Alcorcon - SD Amorebieta,2.05,3.0,3.7,ES2,29.11,1.49,0.62,U,1,1X/12,NG,ODD,2.02,0.87
2024-03-31 13:00:00,Randers FC - Lyngby BK,1.93,3.5,3.75,DK1,57.09,1.61,1.25,U,X,1X,GG,EVEN,2.81,0.36
2024-03-31 13:00:00,Hammarby IF - Kalmar FF,1.82,3.7,3.9,SW1,77.31,1.72,1.13,O,1,1X,GG,EVEN,2.99,0.59
2024-03-31 13:00:00,Gais Göteborg - IF Brommapojkarna,2.15,3.5,3.0,SW1,14.31,1.39,1.19,O,X,1X,GG,ODD,2.46,0.2
2024-03-31 13:30:00,SC Verl - SV Sandhausen,2.15,3.7,2.9,DE3,3.5,1.62,1.31,O,1,1X,GG,EVEN,2.87,0.31
2024-03-31 13:30:00,FC Twente Enschede - Heracles Almelo,1.24,6.5,11.5,NL1,305.09,2.72,0.72,O,1,1X/12,NG,EVEN,3.34,2.0
2024-03-31 13:30:00,TSV Hartberg - Rapid Wien,3.1,3.4,2.2,AT1,-123.84,1.4,1.28,U,1,1X,GG,EVEN,2.62,0.12
2024-03-31 13:30:00,LASK Linz - SK Austria Klagenfurt,1.61,3.9,5.25,AT1,186.7,1.74,1.09,O,1,1X,GG,ODD,2.86,0.65
2024-03-31 13:30:00,Feyenoord Rotterdam - FC Utrecht,1.29,5.75,10.0,NL1,292.29,2.03,0.91,U,1,1X/12,NG,EVEN,3.26,1.12
2024-03-31 14:00:00,Le Havre AC - Montpellier HSC,2.55,3.4,2.65,FR1,-53.92,1.7,1.29,O,1,1X,GG,EVEN,2.97,0.41
2024-03-31 14:00:00,Clermont Foot - Toulouse FC,2.9,3.5,2.35,FR1,-101.27,0.74,1.32,U,2,2X,NG,EVEN,1.96,-0.58
2024-03-31 14:00:00,OGC Nice - FC Nantes,1.75,3.6,4.8,FR1,110.88,1.93,1.23,U,1,1X/12,GG,ODD,3.26,0.7
2024-03-31 14:00:00,Liverpool FC - Brighton & Hove Albion,1.39,5.25,6.75,UK1,183.53,2.26,1.25,O,1,1X/12,GG,EVEN,3.62,1.01
2024-03-31 14:30:00,FC Augsburg - 1. FC Köln,1.78,3.75,4.4,DE1,107.11,1.74,1.31,O,2,1X,GG,ODD,3.05,0.43
2024-03-31 15:00:00,Viborg FF - Hvidovre IF,1.6,4.1,4.8,DK1,208.3,1.88,1.54,U,2,1X,GG,EVEN,3.13,0.34
2024-03-31 15:15:00,Real Zaragoza - CD Tenerife,2.2,2.7,3.7,ES2,-27.23,1.5,0.96,O,1,1X,GG,ODD,2.25,0.54
2024-03-31 15:15:00,Girona FC - Betis Sevilla,1.68,4.0,4.6,ES1,113.99,2.23,1.0,O,1,1X/12,NG,EVEN,3.25,1.23
2024-03-31 15:15:00,Racing Club Ferrol - Elche CF,2.8,3.0,2.45,ES2,-107.37,1.38,1.13,U,1,1X,GG,ODD,2.47,0.25
2024-03-31 15:30:00,BK Häcken - Mjällby AIF,1.57,4.2,5.25,SW1,92.96,2.0,0.82,O,1,1X/12,NG,EVEN,2.85,1.18
2024-03-31 15:45:00,Almere City - FC Volendam,1.49,4.5,6.25,NL1,198.16,1.72,1.01,O,1,1X/12,GG,ODD,2.89,0.71
2024-03-31 16:00:00,Panathinaikos - PAOK Saloniki,2.05,3.4,3.4,GR1,-7.65,1.34,0.78,U,1,1X,GG,EVEN,2.19,0.56
2024-03-31 16:00:00,Sturm Graz - Red Bull Salzburg,3.1,3.4,2.2,AT1,-115.69,1.4,1.28,O,1,1X,GG,ODD,2.62,0.12
2024-03-31 16:05:00,Racing Strasbourg - Stade Rennes,3.1,3.5,2.2,FR1,-109.49,1.89,1.4,O,1,1X,GG,EVEN,3.31,0.49
2024-03-31 16:30:00,Manchester City - Arsenal FC,1.87,3.7,3.9,UK1,37.94,1.61,1.25,U,X,1X,GG,EVEN,2.8,0.36
2024-03-31 16:30:00,VfB Stuttgart - 1. FC Heidenheim,1.29,6.0,9.5,DE1,271.33,2.4,0.69,U,1,1X/12,NG,ODD,3.2,1.71
2024-03-31 17:00:00,Odd Grenland - FK Haugesund,2.3,3.3,2.9,NO1,-85.75,1.54,1.19,U,1,1X,GG,EVEN,2.74,0.35
2024-03-31 17:30:00,CD Alaves - Real Sociedad,3.25,3.0,2.4,ES1,-143.93,1.11,1.3,O,2,2X,GG,ODD,2.51,-0.19
2024-03-31 17:30:00,VV St. Truiden - KVC Westerlo,2.25,3.5,3.0,BE1,2.29,1.5,1.34,O,2,1X,GG,EVEN,2.85,0.16
2024-03-31 17:30:00,Real Oviedo - Villarreal CF II,1.55,3.75,5.5,ES2,148.98,1.55,0.77,U,1,1X/12,NG,EVEN,2.34,0.78
2024-03-31 17:45:00,Olympique Marseille - Paris Saint-Germain,3.0,3.75,2.15,FR1,-136.98,1.37,1.38,O,X,2X,GG,EVEN,2.6,-0.01
2024-03-31 18:00:00,FC Vizela - Casa Pia AC,2.3,3.2,3.0,PT1,-15.01,1.25,1.14,U,X,1X,NG,EVEN,2.42,0.11
2024-03-31 18:30:00,Arminia Bielefeld - MSV Duisburg,1.85,3.75,3.75,DE3,45.4,1.78,0.92,U,1,1X/12,NG,ODD,2.55,0.86
2024-03-31 18:30:00,Aris Saloniki - Lamia FC,1.47,4.33,6.25,GR1,175.14,1.98,0.81,O,1,1X/12,GG,EVEN,2.79,1.17
2024-03-31 18:30:00,VfL Bochum - SV Darmstadt 98,1.68,3.9,4.75,DE1,130.85,2.17,0.96,O,1,1X/12,GG,ODD,3.11,1.21
2024-03-31 18:30:00,AEK Athens - Olympiakos Piraeus,1.8,3.7,4.0,GR1,77.4,1.61,1.03,U,X,1X,GG,EVEN,2.7,0.58
2024-03-31 19:00:00,CA Progreso Montevideo - Deportivo Maldonado,2.4,3.1,2.7,UY1,-7.65,1.27,1.06,U,X,1X,GG,EVEN,2.28,0.21
2024-03-31 20:00:00,Gimnasia La Plata - Deportivo Riestra,1.83,3.3,4.5,AR1,121.65,1.34,0.96,U,X,1X,GG,EVEN,2.42,0.38
2024-03-31 20:00:00,Club Atletico Sarmiento - Newell`s Old Boys,3.1,2.9,2.45,AR1,-134.97,1.05,1.16,U,2,2X,NG,EVEN,2.09,-0.11
2024-03-31 20:00:00,Real Madrid - Athletic Bilbao,1.58,4.2,5.5,ES1,157.84,2.28,0.84,O,1,1X/12,NG,EVEN,3.1,1.44
2024-03-31 20:30:00,Atlanta United - Chicago Fire,1.71,4.0,4.2,US1,16.06,1.79,1.53,O,2,1X,GG,EVEN,3.35,0.26
2024-03-31 21:00:00,Sport Boys Association - Alianza Atletico,1.63,3.7,4.6,PE1,22.07,1.54,0.6,U,1,1X/12,NG,EVEN,2.21,0.94
2024-03-31 21:30:00,Miramar Misiones - CA Cerro,2.45,3.1,2.7,UY1,-7.71,1.13,1.31,U,2,2X,GG,ODD,2.36,-0.18
2024-03-31 21:30:00,UTC Cajamarca - Sporting Cristal,3.7,3.4,1.78,PE1,-253.47,1.09,1.87,U,2,2X/12,GG,ODD,3.02,-0.78
2024-03-31 21:30:00,Sol de America - General Caballero,2.05,3.2,3.1,PY1,-13.67,1.21,1.09,O,2,1X,NG,ODD,2.23,0.12
2024-03-31 22:20:00,Chico FC - Jaguares de Cordoba,1.95,3.2,3.6,CO1,-26.14,1.37,1.07,U,2,1X,NG,ODD,2.4,0.3
2024-03-31 22:30:00,CA Independiente - Atletico Tucuman,1.73,3.3,5.25,AR1,97.12,1.22,0.88,U,2,1X,NG,ODD,2.23,0.34
2024-04-01 02:00:00,Middlesbrough FC - Sheffield Wednesday,1.85,3.6,4.1,UK2,97.67,1.6,1.14,O,X,1X,GG,EVEN,2.62,0.46
2024-04-01 10:30:00,Leicester City - Norwich City,1.65,4.0,5.0,UK2,132.93,2.11,1.17,O,1,1X/12,GG,EVEN,3.01,0.94
2024-04-01 13:00:00,Stoke City - Huddersfield Town,2.0,3.6,3.5,UK2,27.09,2.0,1.28,O,1,1X/12,GG,ODD,3.26,0.72
2024-04-01 13:00:00,Birmingham City - Preston North End,2.25,3.6,3.0,UK2,-27.21,1.59,1.35,O,1,1X,GG,EVEN,2.9,0.24
2024-04-01 13:00:00,FC Midtjylland - FC Nordsjälland,1.87,3.7,3.75,DK1,39.03,1.6,1.21,U,X,1X,GG,EVEN,2.72,0.39
2024-04-01 13:00:00,Swansea City - Queens Park Rangers,2.25,3.4,3.1,UK2,1.12,1.82,1.23,U,1,1X,GG,EVEN,3.01,0.59
2024-04-01 13:00:00,Sunderland FC - Blackburn Rovers,2.2,3.5,3.1,UK2,-0.27,1.61,1.22,O,X,1X,GG,EVEN,2.89,0.39
2024-04-01 13:00:00,West Bromwich Albion - Watford FC,1.75,3.6,4.6,UK2,90.85,2.1,1.38,O,1,1X/12,GG,ODD,3.49,0.72
2024-04-01 13:00:00,Rotherham United - Millwall FC,4.0,3.6,1.87,UK2,-174.08,0.97,1.85,O,2,2X/12,GG,EVEN,2.88,-0.88
2024-04-01 13:00:00,Plymouth Argyle - Bristol City,2.75,3.4,2.45,UK2,-82.05,1.22,1.08,O,X,1X,NG,EVEN,2.17,0.14
2024-04-01 14:00:00,Coventry City - Cardiff City,1.63,4.2,4.8,UK2,140.94,2.01,1.01,O,1,1X/12,NG,ODD,2.97,1.0
2024-04-01 15:30:00,Ipswich Town - Southampton FC,2.37,3.6,2.8,UK2,-47.36,1.75,1.17,O,1,1X,GG,EVEN,2.93,0.58
2024-04-01 18:00:00,Leeds United - Hull City,1.46,4.2,7.5,UK2,207.44,2.08,0.68,U,1,1X/12,NG,ODD,2.6,1.4
2024-04-01 18:00:00,Silkeborg IF - Aarhus GF,2.85,3.25,2.4,DK1,-68.71,0.98,1.28,U,2,2X,NG,EVEN,2.19,-0.3
2024-04-02 12:30:00,Newcastle United - Everton FC,1.85,4.0,3.8,UK1,62.13,1.69,1.25,O,X,1X,GG,EVEN,2.88,0.44
2024-04-02 15:00:00,Nottingham Forest - Fulham FC,2.65,3.4,2.6,UK1,-54.36,1.69,1.3,O,1,1X,GG,EVEN,3.06,0.39
2024-04-02 15:00:00,AFC Bournemouth - Crystal Palace,1.87,3.8,3.9,UK1,69.03,1.64,1.08,U,X,1X,GG,EVEN,2.84,0.56
2024-04-02 16:00:00,Juventus Torino - Lazio Roma,1.8,3.4,4.5,ITCUP,88.18,1.17,0.91,U,1,1X,NG,ODD,2.13,0.26
2024-04-02 17:45:00,1. FC Saarbrücken - 1. FC Kaiserslautern,2.55,3.4,2.65,DECUP,-28.77,1.7,1.29,O,1,1X,GG,ODD,2.97,0.41
2024-04-02 17:45:00,Olympique Lyon - Valenciennes FC,1.21,6.0,11.5,FRCUP,396.85,2.49,0.59,O,1,1X/12,NG,EVEN,3.08,1.9
2024-04-02 18:00:00,Benfica Lisboa - Sporting Lisboa,2.25,3.2,2.8,PTCUP,-26.06,1.05,0.95,O,X,1X,NG,EVEN,2.08,0.1
2024-04-02 18:15:00,West Ham United - Tottenham Hotspur,3.1,3.9,2.1,UK1,-147.11,1.69,1.39,O,1,1X,GG,EVEN,2.99,0.3
2024-04-02 23:30:00,CD Cobresal - Barcelona SC,2.55,3.2,2.7,CLICUP,-142.77,0.98,1.48,U,2,2X,NG,ODD,2.43,-0.5
2024-04-03 01:20:00,Millonarios - Flamengo,4.4,3.6,1.77,CLICUP,-231.76,1.07,1.79,O,2,2X/12,GG,EVEN,3.05,-0.72
2024-04-03 02:00:00,Universidad César Vallejo - CSD Defensa y Justicia,2.85,3.3,2.35,CPCUP,-125.17,1.27,1.14,U,1,1X,GG,EVEN,2.49,0.13
2024-04-03 14:00:00,Liverpool FC Montevideo - Independiente Jose Teran,2.75,3.3,2.45,CLICUP,-96.56,1.19,1.19,U,2,X,NG,EVEN,2.23,0.0
2024-04-03 14:30:00,Bayer Leverkusen - Fortuna Düsseldorf,1.17,8.0,15.5,DECUP,341.62,3.01,0.82,O,1,1X/12,GG,ODD,3.98,2.19
2024-04-03 16:30:00,Manchester City - Aston Villa,1.28,6.25,9.5,UK1,259.33,2.66,0.94,O,1,1X/12,GG,EVEN,3.57,1.72
2024-04-03 19:45:00,AC Fiorentina - Atalanta Bergamo,2.35,3.3,2.85,ITCUP,-60.42,1.24,1.38,O,2,2X,GG,ODD,2.7,-0.14
2024-04-03 20:00:00,Brentford FC - Brighton & Hove Albion,2.6,3.7,2.45,UK1,-93.39,1.82,1.5,O,1,1X,GG,ODD,3.39,0.32
2024-04-03 21:00:00,CA Belgrano - Internacional,3.2,3.25,2.2,CPCUP,-150.3,1.15,1.02,U,1,1X,NG,ODD,2.14,0.13
2024-04-03 22:00:00,The Strongest - Gremio Porto Alegre,1.98,3.5,3.5,CLICUP,-48.84,1.52,1.12,O,1,1X,GG,EVEN,2.74,0.4
2024-04-04 00:30:00,Sportivo Trinidense - Fortaleza EC,4.2,3.5,1.8,CPCUP,-271.83,0.95,2.04,U,2,2X/12,GG,ODD,3.0,-1.09
2024-04-04 01:00:00,Alianza Lima - Fluminense,5.25,3.75,1.63,CLICUP,-210.43,1.03,2.29,O,2,2X/12,GG,EVEN,3.06,-1.26
2024-04-04 04:00:00,Nacional Potosi - Boca Juniors,3.5,3.6,1.95,CPCUP,-277.77,1.24,1.3,U,X,2X,GG,EVEN,2.8,-0.06
2024-04-04 14:00:00,Liverpool FC - Sheffield United,1.1,12.0,20.0,UK1,449.68,2.68,0.49,U,1,1X/12,NG,EVEN,3.29,2.19
2024-04-04 15:00:00,Huachipato - Estudiantes La Plata,3.3,3.2,2.15,CLICUP,-188.28,0.83,1.13,U,2,2X,NG,ODD,2.1,-0.3
2024-04-04 15:00:00,Chelsea FC - Manchester United,1.98,3.9,3.3,UK1,53.95,1.43,1.5,O,2,2X,GG,EVEN,2.91,-0.07
2024-04-04 17:00:00,Granada CF - FC Valencia,2.87,3.2,2.5,ES1,-132.82,1.37,1.66,O,2,2X,GG,ODD,3.02,-0.29
2024-04-04 20:00:00,San Lorenzo - Palmeiras,3.2,3.2,2.25,CLICUP,-178.84,1.14,1.21,U,2,2X,GG,EVEN,2.52,-0.07
2024-04-04 20:00:00,Botafogo-RJ - Atletico Junior,1.57,4.1,5.25,CLICUP,117.18,1.62,0.75,U,1,1X/12,NG,EVEN,2.46,0.87
2024-04-04 21:00:00,Colo Colo - Cerro Porteño,1.66,3.6,5.25,CLICUP,51.73,1.7,0.76,U,1,1X/12,NG,EVEN,2.48,0.94
2024-04-04 22:00:00,Alianza FC Valledupar - Union La Calera,2.25,3.1,3.25,CPCUP,-18.81,1.33,0.97,U,1,1X,NG,ODD,2.37,0.36
2024-04-04 22:30:00,Nacional Montevideo - Libertad Asuncion,2.15,3.25,3.3,CLICUP,-56.58,1.39,0.95,U,1,1X,NG,EVEN,2.31,0.44
2024-04-04 23:00:00,Rosario Central - Penarol Montevideo,2.1,3.1,3.6,CLICUP,50.06,1.51,1.01,U,1,1X,NG,EVEN,2.52,0.5
2024-04-05 12:00:00,Eintracht Frankfurt - Werder Bremen,1.93,3.6,3.8,DE1,62.69,1.76,1.07,U,1,1X/12,NG,ODD,2.76,0.69
2024-04-05 17:00:00,Real Tomayapo - Delfin SC,2.3,3.3,2.95,CPCUP,-166.51,1.33,1.22,O,2,1X,NG,EVEN,2.63,0.11
2024-04-05 20:00:00,Deportivo Garcilaso - Metropolitanos,1.43,4.4,7.0,CPCUP,56.45,1.94,0.7,O,1,1X/12,NG,EVEN,2.52,1.24
2024-04-06 12:30:00,1. FC Heidenheim - FC Bayern München,8.25,6.0,1.31,DE1,-417.37,0.89,2.22,O,2,2X/12,GG,ODD,3.36,-1.33
2024-04-06 12:30:00,1. FC Union Berlin - Bayer Leverkusen,5.5,4.1,1.57,DE1,-303.46,0.86,1.53,O,2,2X/12,NG,EVEN,2.55,-0.67
2024-04-06 12:30:00,1. FC Köln - VfL Bochum,2.35,3.5,2.87,DE1,-44.0,1.41,1.26,O,X,1X,GG,EVEN,2.69,0.15
2024-04-06 13:00:00,Borussia Dortmund - VfB Stuttgart,2.3,3.9,2.7,DE1,-26.53,1.6,1.77,O,2,2X,GG,EVEN,3.24,-0.17
2024-04-06 15:30:00,SC Freiburg - RB Leipzig,4.4,4.1,1.7,DE1,-244.64,0.94,2.14,O,2,2X/12,NG,ODD,3.1,-1.2
2024-04-06 17:45:00,Empoli FC - Torino AC,3.3,3.1,2.3,IT1,-112.55,1.32,1.14,O,1,1X,GG,ODD,2.37,0.18
2024-04-06 21:00:00,AS Roma - Lazio Roma,2.05,3.4,3.6,IT1,49.78,1.61,0.93,O,1,1X/12,GG,EVEN,2.47,0.68
2024-04-07 10:00:00,Stade Brest - FC Metz,1.55,3.9,6.5,FR1,189.59,1.55,0.98,U,X,1X,GG,EVEN,2.57,0.57
2024-04-07 12:00:00,Montpellier HSC - FC Lorient,1.66,4.0,4.75,FR1,99.81,1.8,1.05,O,1,1X/12,GG,ODD,2.87,0.75
2024-04-07 12:00:00,Toulouse FC - Racing Strasbourg,2.05,3.5,3.5,FR1,4.62,1.78,0.88,O,1,1X/12,GG,EVEN,2.69,0.9
2024-04-07 12:00:00,Stade Reims - OGC Nice,2.45,3.25,2.9,FR1,-30.45,1.28,1.15,U,X,1X,GG,ODD,2.42,0.13
2024-04-07 12:30:00,1899 Hoffenheim - FC Augsburg,2.15,3.8,3.0,DE1,-17.44,1.39,1.41,O,2,2X,GG,EVEN,2.81,-0.02
2024-04-07 14:30:00,VfL Wolfsburg - Mönchengladbach,2.05,3.6,3.4,DE1,40.67,1.49,1.27,U,2,1X,NG,EVEN,2.74,0.22
2024-04-07 17:45:00,FC Nantes - Olympique Lyon,3.1,3.4,2.25,FR1,-75.11,1.14,1.15,O,1,2X,NG,EVEN,2.22,-0.01
2024-04-12 18:00:00,Betis Sevilla - Celta de Vigo,2.05,3.4,3.6,ES1,24.97,1.61,0.93,O,1,1X/12,GG,EVEN,2.47,0.68
2024-04-13 00:45:00,Internacional - EC Bahia,1.82,3.6,4.33,BR1,39.52,1.83,1.38,U,2,1X,GG,ODD,3.16,0.45
2024-04-13 04:00:00,Atletico Madrid - Girona FC,1.88,3.75,3.8,ES1,28.44,1.99,0.91,U,1,1X/12,GG,ODD,2.76,1.08
2024-04-13 13:15:00,Rayo Vallecano - Getafe CF,2.1,3.2,3.7,ES1,19.65,1.38,1.29,O,X,1X,GG,EVEN,2.63,0.09
2024-04-13 15:00:00,RCD Mallorca - Real Madrid,5.0,3.75,1.68,ES1,-277.75,0.88,1.68,O,2,2X/12,NG,EVEN,2.53,-0.8
2024-04-13 18:00:00,Vasco da Gama - Gremio Porto Alegre,2.37,3.25,3.0,BR1,-39.13,1.21,1.05,U,1,1X,NG,EVEN,2.21,0.16
2024-04-13 18:00:00,EC Vitoria Salvador - Palmeiras,6.25,4.33,1.5,BR1,-282.48,0.73,1.97,U,2,2X/12,NG,EVEN,2.95,-1.24
2024-04-13 20:00:00,Cadiz CF - FC Barcelona,5.25,4.0,1.62,ES1,-289.2,1.0,2.06,O,2,2X/12,GG,ODD,2.97,-1.06
2024-04-14 18:00:00,Real Sociedad - UD Almeria,1.37,5.0,8.5,ES1,245.27,1.84,0.84,U,1,1X/12,GG,ODD,2.89,1.0
